nets/lognormal_100.onnx.gz,specs/lognormal_100_1.vnnlib,25
nets/lognormal_100.onnx.gz,specs/lognormal_100_2.vnnlib,25
nets/lognormal_100.onnx.gz,specs/lognormal_100_4.vnnlib,74
nets/lognormal_100.onnx.gz,specs/lognormal_100_7.vnnlib,74
nets/lognormal_100.onnx.gz,specs/lognormal_100_8.vnnlib,73
nets/lognormal_100.onnx.gz,specs/lognormal_100_13.vnnlib,77
nets/lognormal_100.onnx.gz,specs/lognormal_100_14.vnnlib,77
nets/lognormal_100.onnx.gz,specs/lognormal_100_15.vnnlib,71
nets/lognormal_100.onnx.gz,specs/lognormal_100_19.vnnlib,73
nets/lognormal_100.onnx.gz,specs/lognormal_100_20.vnnlib,73
nets/lognormal_100.onnx.gz,specs/lognormal_100_26.vnnlib,70
nets/lognormal_100.onnx.gz,specs/lognormal_100_27.vnnlib,70
nets/lognormal_100.onnx.gz,specs/lognormal_100_28.vnnlib,123
nets/lognormal_100.onnx.gz,specs/lognormal_100_47.vnnlib,77
nets/lognormal_100.onnx.gz,specs/lognormal_100_48.vnnlib,77
nets/lognormal_100.onnx.gz,specs/lognormal_100_49.vnnlib,83
nets/lognormal_100.onnx.gz,specs/lognormal_100_50.vnnlib,77
nets/lognormal_100.onnx.gz,specs/lognormal_100_51.vnnlib,106
nets/lognormal_100.onnx.gz,specs/lognormal_100_52.vnnlib,109
nets/lognormal_100.onnx.gz,specs/lognormal_100_53.vnnlib,110
nets/lognormal_100.onnx.gz,specs/lognormal_100_54.vnnlib,109
nets/lognormal_100.onnx.gz,specs/lognormal_100_55.vnnlib,108
nets/lognormal_100.onnx.gz,specs/lognormal_100_72.vnnlib,107
nets/lognormal_100.onnx.gz,specs/lognormal_100_73.vnnlib,107
nets/lognormal_100.onnx.gz,specs/lognormal_100_74.vnnlib,107
nets/lognormal_100.onnx.gz,specs/lognormal_100_81.vnnlib,110
nets/lognormal_100.onnx.gz,specs/lognormal_100_98.vnnlib,38
nets/lognormal_100.onnx.gz,specs/lognormal_100_101.vnnlib,360
nets/lognormal_100.onnx.gz,specs/lognormal_100_102.vnnlib,360
nets/lognormal_100.onnx.gz,specs/lognormal_100_103.vnnlib,360