nets/normal_100.onnx.gz,specs/normal_100_1.vnnlib,278
nets/normal_100.onnx.gz,specs/normal_100_2.vnnlib,215
nets/normal_100.onnx.gz,specs/normal_100_3.vnnlib,154
nets/normal_100.onnx.gz,specs/normal_100_4.vnnlib,154
nets/normal_100.onnx.gz,specs/normal_100_5.vnnlib,155
nets/normal_100.onnx.gz,specs/normal_100_6.vnnlib,152
nets/normal_100.onnx.gz,specs/normal_100_7.vnnlib,92
nets/normal_100.onnx.gz,specs/normal_100_8.vnnlib,92
nets/normal_100.onnx.gz,specs/normal_100_9.vnnlib,153
nets/normal_100.onnx.gz,specs/normal_100_10.vnnlib,154
nets/normal_100.onnx.gz,specs/normal_100_11.vnnlib,153
nets/normal_100.onnx.gz,specs/normal_100_12.vnnlib,154
nets/normal_100.onnx.gz,specs/normal_100_13.vnnlib,153
nets/normal_100.onnx.gz,specs/normal_100_14.vnnlib,153
nets/normal_100.onnx.gz,specs/normal_100_15.vnnlib,153
nets/normal_100.onnx.gz,specs/normal_100_16.vnnlib,93
nets/normal_100.onnx.gz,specs/normal_100_17.vnnlib,93
nets/normal_100.onnx.gz,specs/normal_100_18.vnnlib,92
nets/normal_100.onnx.gz,specs/normal_100_19.vnnlib,155
nets/normal_100.onnx.gz,specs/normal_100_20.vnnlib,93
nets/normal_100.onnx.gz,specs/normal_100_21.vnnlib,154
nets/normal_100.onnx.gz,specs/normal_100_22.vnnlib,94
nets/normal_100.onnx.gz,specs/normal_100_23.vnnlib,155
nets/normal_100.onnx.gz,specs/normal_100_24.vnnlib,93
nets/normal_100.onnx.gz,specs/normal_100_25.vnnlib,156
nets/normal_100.onnx.gz,specs/normal_100_26.vnnlib,94
nets/normal_100.onnx.gz,specs/normal_100_27.vnnlib,95
nets/normal_100.onnx.gz,specs/normal_100_28.vnnlib,94
nets/normal_100.onnx.gz,specs/normal_100_29.vnnlib,94
nets/normal_100.onnx.gz,specs/normal_100_30.vnnlib,92
nets/normal_100.onnx.gz,specs/normal_100_31.vnnlib,92
nets/normal_100.onnx.gz,specs/normal_100_32.vnnlib,155
nets/normal_100.onnx.gz,specs/normal_100_33.vnnlib,160
nets/normal_100.onnx.gz,specs/normal_100_34.vnnlib,97
nets/normal_100.onnx.gz,specs/normal_100_35.vnnlib,97
nets/normal_100.onnx.gz,specs/normal_100_36.vnnlib,97
nets/normal_100.onnx.gz,specs/normal_100_37.vnnlib,160
nets/normal_100.onnx.gz,specs/normal_100_38.vnnlib,96
nets/normal_100.onnx.gz,specs/normal_100_39.vnnlib,95
nets/normal_100.onnx.gz,specs/normal_100_101.vnnlib,300
nets/normal_100.onnx.gz,specs/normal_100_102.vnnlib,300
nets/normal_100.onnx.gz,specs/normal_100_103.vnnlib,300
nets/normal_100.onnx.gz,specs/normal_100_104.vnnlib,300