nets/piecewise_100.onnx.gz,specs/piecewise_100_1.vnnlib,170
nets/piecewise_100.onnx.gz,specs/piecewise_100_3.vnnlib,166
nets/piecewise_100.onnx.gz,specs/piecewise_100_5.vnnlib,163
nets/piecewise_100.onnx.gz,specs/piecewise_100_7.vnnlib,116
nets/piecewise_100.onnx.gz,specs/piecewise_100_9.vnnlib,162
nets/piecewise_100.onnx.gz,specs/piecewise_100_11.vnnlib,165
nets/piecewise_100.onnx.gz,specs/piecewise_100_13.vnnlib,174
nets/piecewise_100.onnx.gz,specs/piecewise_100_15.vnnlib,165
nets/piecewise_100.onnx.gz,specs/piecewise_100_16.vnnlib,167
nets/piecewise_100.onnx.gz,specs/piecewise_100_18.vnnlib,189
nets/piecewise_100.onnx.gz,specs/piecewise_100_21.vnnlib,235
nets/piecewise_100.onnx.gz,specs/piecewise_100_18.vnnlib,189
nets/piecewise_100.onnx.gz,specs/piecewise_100_21.vnnlib,235
nets/piecewise_100.onnx.gz,specs/piecewise_100_23.vnnlib,242
nets/piecewise_100.onnx.gz,specs/piecewise_100_25.vnnlib,307
nets/piecewise_100.onnx.gz,specs/piecewise_100_27.vnnlib,242
nets/piecewise_100.onnx.gz,specs/piecewise_100_28.vnnlib,241
nets/piecewise_100.onnx.gz,specs/piecewise_100_31.vnnlib,35
nets/piecewise_100.onnx.gz,specs/piecewise_100_33.vnnlib,305
nets/piecewise_100.onnx.gz,specs/piecewise_100_35.vnnlib,235
nets/piecewise_100.onnx.gz,specs/piecewise_100_36.vnnlib,236
nets/piecewise_100.onnx.gz,specs/piecewise_100_37.vnnlib,236
nets/piecewise_100.onnx.gz,specs/piecewise_100_38.vnnlib,304
nets/piecewise_100.onnx.gz,specs/piecewise_100_39.vnnlib,167
nets/piecewise_100.onnx.gz,specs/piecewise_100_41.vnnlib,240
nets/piecewise_100.onnx.gz,specs/piecewise_100_101.vnnlib,240
nets/piecewise_100.onnx.gz,specs/piecewise_100_102.vnnlib,240
nets/piecewise_100.onnx.gz,specs/piecewise_100_103.vnnlib,240
nets/piecewise_100.onnx.gz,specs/piecewise_100_104.vnnlib,240
